name,lat,lon,depth_ft,note
Bull Shoals Lake Boat Dock,36.38168,-92.59594,,"AIR FILLS + dive shop. 140 Boat Dock Cove, Bull Shoals AR 72619. (870) 445-4424. PADI centre: air fills, scuba rental, service and repair. Most dive sites cluster near here, on the Arkansas end by the dam. Position from the street address, two sources agreeing within 30 m - the shop building, not the gas dock."
Wagon Wheel / Anchor Pointe Resort,36.49202,-92.77242,,"AIR FILLS per the 2023-era write-up, BUT the resort is now trading as Anchor Pointe Resort - confirm air is still available before relying on it. 204 Wagon Wheel Ln, Peel AR 72668. (870) 436-5401. Position from two sources agreeing within 60 m; a third source said 36.44077 which is 5.7 km inland and was discarded."
Pontiac Cove Marina,36.50964,-92.60917,,"AIR FILLS per one listing, but the marina's own amenity list does not mention scuba - ring first. 563 Pontiac Cove Rd, Pontiac MO 65729. Closest fill station from the Missouri side. Position good to about 200 m: two sources differ by that much and a third was 1.4 km north."
Wreck of the SS Minnow,,,20,"Off the south side of Gilligan's Island. Lined. Training depth."
Destroyer Escort,,,30,"East of Gilligan's Island. Lined."
Iowa Farm,,,35,"North side of Gilligan's Island. Sunken tractor and combine."
Troop Transport and Escort,,,45,"Gilligan's Island cluster."
Wreck of the Bull Shoals Express,,,15,"A set of sunken boats. Line starts in about 15 ft and runs down to them."
Frost Wall,,,85,"Wall dive on the Frost Point wall. A pirate longboat sits at about 85 ft."
Shear Terror,,,,"Wall dive with overhangs. Depth not stated in the sources."
Swim-through wall,,,,"A wall with a large hole you can swim through. Depth and position not stated."
Main channel wall,,,200,"Bottoms out past 200 ft. Old settlements along the original riverbed. Technical."
